<?xml version="1.0" encoding="UTF-8"?><gesmes:Envelope xmlns:gesmes="http://www.gesmes.org/xml/2002-08-01" xmlns="http://www.ecb.int/vocabulary/2002-08-01/eurofxref"><gesmes:subject>Reference rates</gesmes:subject><gesmes:Sender><gesmes:name>European Central Bank</gesmes:name></gesmes:Sender><Cube><Cube time="2015-06-08"><Cube currency="USD" rate="1.1162"/><Cube currency="JPY" rate="139.84"/><Cube currency="BGN" rate="1.9558"/><Cube currency="CZK" rate="27.431"/><Cube currency="DKK" rate="7.4602"/><Cube currency="GBP" rate="0.7318"/><Cube currency="HUF" rate="313.95"/><Cube currency="PLN" rate="4.1551"/><Cube currency="RON" rate="4.465"/><Cube currency="SEK" rate="9.3678"/><Cube currency="CHF" rate="1.047"/><Cube currency="NOK" rate="8.827"/><Cube currency="HRK" rate="7.553"/><Cube currency="RUB" rate="62.3147"/><Cube currency="TRY" rate="3.0865"/><Cube currency="AUD" rate="1.4615"/><Cube currency="BRL" rate="3.5023"/><Cube currency="CAD" rate="1.3879"/><Cube currency="CNY" rate="6.9278"/><Cube currency="HKD" rate="8.6536"/><Cube currency="IDR" rate="14900.68"/><Cube currency="ILS" rate="4.3139"/><Cube currency="INR" rate="71.536"/><Cube currency="KRW" rate="1252.08"/><Cube currency="MXN" rate="17.4998"/><Cube currency="MYR" rate="4.2075"/><Cube currency="NZD" rate="1.5776"/><Cube currency="PHP" rate="50.465"/><Cube currency="SGD" rate="1.5165"/><Cube currency="THB" rate="37.694"/><Cube currency="ZAR" rate="14.0463"/></Cube><Cube time="2015-06-05"><Cube currency="USD" rate="1.1218"/><Cube currency="JPY" rate="139.97"/><Cube currency="BGN" rate="1.9557"/><Cube currency="CZK" rate="27.396"/><Cube currency="DKK" rate="7.4603"/><Cube currency="GBP" rate="0.7317"/><Cube currency="HUF" rate="311.28"/><Cube currency="PLN" rate="4.1441"/><Cube currency="RON" rate="4.4545"/><Cube currency="SEK" rate="9.3417"/><Cube currency="CHF" rate="1.0478"/><Cube currency="NOK" rate="8.8085"/><Cube currency="HRK" rate="7.5589"/><Cube currency="RUB" rate="62.81"/><Cube currency="TRY" rate="2.9899"/><Cube currency="AUD" rate="1.4534"/><Cube currency="BRL" rate="3.5189"/><Cube currency="CAD" rate="1.4023"/><Cube currency="CNY" rate="6.9596"/><Cube currency="HKD" rate="8.6979"/><Cube currency="IDR" rate="14912.5"/><Cube currency="ILS" rate="4.3118"/><Cube currency="INR" rate="71.5602"/><Cube currency="KRW" rate="1249.74"/><Cube currency="MXN" rate="17.4451"/><Cube currency="MYR" rate="4.1766"/><Cube currency="NZD" rate="1.5713"/><Cube currency="PHP" rate="50.501"/><Cube currency="SGD" rate="1.5122"/><Cube currency="THB" rate="37.829"/><Cube currency="ZAR" rate="13.9126"/></Cube><Cube time="2015-06-04"><Cube currency="USD" rate="1.1317"/><Cube currency="JPY" rate="140.47"/><Cube currency="BGN" rate="1.9558"/><Cube currency="CZK" rate="27.467"/><Cube currency="DKK" rate="7.4599"/><Cube currency="GBP" rate="0.7354"/><Cube currency="HUF" rate="312.3"/><Cube currency="PLN" rate="4.1692"/><Cube currency="RON" rate="4.4285"/><Cube currency="SEK" rate="9.3396"/><Cube currency="CHF" rate="1.0551"/><Cube currency="NOK" rate="8.737"/><Cube currency="HRK" rate="7.5605"/><Cube currency="RUB" rate="62.1695"/><Cube currency="TRY" rate="3.0377"/><Cube currency="AUD" rate="1.4618"/><Cube currency="BRL" rate="3.5498"/><Cube currency="CAD" rate="1.4089"/><Cube currency="CNY" rate="7.0177"/><Cube currency="HKD" rate="8.7733"/><Cube currency="IDR" rate="15047.75"/><Cube currency="ILS" rate="4.3416"/><Cube currency="INR" rate="72.4362"/><Cube currency="KRW" rate="1256.92"/><Cube currency="MXN" rate="17.5812"/><Cube currency="MYR" rate="4.1867"/><Cube currency="NZD" rate="1.5834"/><Cube currency="PHP" rate="50.79"/><Cube currency="SGD" rate="1.5221"/><Cube currency="THB" rate="38.171"/><Cube currency="ZAR" rate="13.9625"/></Cube><Cube time="2015-06-03"><Cube currency="USD" rate="1.1134"/><Cube currency="JPY" rate="138.46"/><Cube currency="BGN" rate="1.9558"/><Cube currency="CZK" rate="27.46"/><Cube currency="DKK" rate="7.4597"/><Cube currency="GBP" rate="0.7275"/><Cube currency="HUF" rate="311.35"/><Cube currency="PLN" rate="4.1261"/><Cube currency="RON" rate="4.4288"/><Cube currency="SEK" rate="9.389"/><Cube currency="CHF" rate="1.0427"/><Cube currency="NOK" rate="8.7145"/><Cube currency="HRK" rate="7.5555"/><Cube currency="RUB" rate="59.77"/><Cube currency="TRY" rate="2.9824"/><Cube currency="AUD" rate="1.4321"/><Cube currency="BRL" rate="3.4937"/><Cube currency="CAD" rate="1.3856"/><Cube currency="CNY" rate="6.9026"/><Cube currency="HKD" rate="8.633"/><Cube currency="IDR" rate="14746.95"/><Cube currency="ILS" rate="4.2932"/><Cube currency="INR" rate="71.1522"/><Cube currency="KRW" rate="1233.44"/><Cube currency="MXN" rate="17.2326"/><Cube currency="MYR" rate="4.1079"/><Cube currency="NZD" rate="1.5586"/><Cube currency="PHP" rate="49.872"/><Cube currency="SGD" rate="1.5018"/><Cube currency="THB" rate="37.506"/><Cube currency="ZAR" rate="13.6489"/></Cube><Cube time="2015-06-02"><Cube currency="USD" rate="1.1029"/><Cube currency="JPY" rate="137.52"/><Cube currency="BGN" rate="1.9558"/><Cube currency="CZK" rate="27.439"/><Cube currency="DKK" rate="7.459"/><Cube currency="GBP" rate="0.7243"/><Cube currency="HUF" rate="309.29"/><Cube currency="PLN" rate="4.1288"/><Cube currency="RON" rate="4.4408"/><Cube currency="SEK" rate="9.381"/><Cube currency="CHF" rate="1.0391"/><Cube currency="NOK" rate="8.6755"/><Cube currency="HRK" rate="7.5725"/><Cube currency="RUB" rate="58.564"/><Cube currency="TRY" rate="2.9556"/><Cube currency="AUD" rate="1.4342"/><Cube currency="BRL" rate="3.4735"/><Cube currency="CAD" rate="1.3784"/><Cube currency="CNY" rate="6.8358"/><Cube currency="HKD" rate="8.5539"/><Cube currency="IDR" rate="14570.85"/><Cube currency="ILS" rate="4.2564"/><Cube currency="INR" rate="70.4047"/><Cube currency="KRW" rate="1228.83"/><Cube currency="MXN" rate="17.0376"/><Cube currency="MYR" rate="4.0769"/><Cube currency="NZD" rate="1.5487"/><Cube currency="PHP" rate="49.29"/><Cube currency="SGD" rate="1.4945"/><Cube currency="THB" rate="37.255"/><Cube currency="ZAR" rate="13.5207"/></Cube><Cube time="2015-06-01"><Cube currency="USD" rate="1.0944"/><Cube currency="JPY" rate="135.79"/><Cube currency="BGN" rate="1.9558"/><Cube currency="CZK" rate="27.44"/><Cube currency="DKK" rate="7.4588"/><Cube currency="GBP" rate="0.71925"/><Cube currency="HUF" rate="309.11"/><Cube currency="PLN" rate="4.1335"/><Cube currency="RON" rate="4.4425"/><Cube currency="SEK" rate="9.3734"/><Cube currency="CHF" rate="1.0331"/><Cube currency="NOK" rate="8.7065"/><Cube currency="HRK" rate="7.574"/><Cube currency="RUB" rate="58.2567"/><Cube currency="TRY" rate="2.9297"/><Cube currency="AUD" rate="1.4341"/><Cube currency="BRL" rate="3.5066"/><Cube currency="CAD" rate="1.3673"/><Cube currency="CNY" rate="6.7807"/><Cube currency="HKD" rate="8.4871"/><Cube currency="IDR" rate="14444.1"/><Cube currency="ILS" rate="4.2342"/><Cube currency="INR" rate="69.7123"/><Cube currency="KRW" rate="1217.13"/><Cube currency="MXN" rate="16.8773"/><Cube currency="MYR" rate="4.0368"/><Cube currency="NZD" rate="1.5372"/><Cube currency="PHP" rate="48.697"/><Cube currency="SGD" rate="1.4795"/><Cube currency="THB" rate="36.881"/><Cube currency="ZAR" rate="13.4116"/></Cube><Cube time="2015-05-29"><Cube currency="USD" rate="1.097"/><Cube currency="JPY" rate="135.95"/><Cube currency="BGN" rate="1.9558"/><Cube currency="CZK" rate="27.401"/><Cube currency="DKK" rate="7.4597"/><Cube currency="GBP" rate="0.719"/><Cube currency="HUF" rate="308.9"/><Cube currency="PLN" rate="4.1298"/><Cube currency="RON" rate="4.4425"/><Cube currency="SEK" rate="9.3272"/><Cube currency="CHF" rate="1.0341"/><Cube currency="NOK" rate="8.536"/><Cube currency="HRK" rate="7.572"/><Cube currency="RUB" rate="57.4638"/><Cube currency="TRY" rate="2.9188"/><Cube currency="AUD" rate="1.4338"/><Cube currency="BRL" rate="3.4522"/><Cube currency="CAD" rate="1.365"/><Cube currency="CNY" rate="6.7994"/><Cube currency="HKD" rate="8.5052"/><Cube currency="IDR" rate="14512.24"/><Cube currency="ILS" rate="4.2484"/><Cube currency="INR" rate="69.9893"/><Cube currency="KRW" rate="1220.31"/><Cube currency="MXN" rate="16.8433"/><Cube currency="MYR" rate="4.0195"/><Cube currency="NZD" rate="1.5405"/><Cube currency="PHP" rate="48.949"/><Cube currency="SGD" rate="1.4799"/><Cube currency="THB" rate="37.007"/><Cube currency="ZAR" rate="13.3409"/></Cube><Cube time="2015-05-28"><Cube currency="USD" rate="1.0896"/><Cube currency="JPY" rate="135.36"/><Cube currency="BGN" rate="1.9558"/><Cube currency="CZK" rate="27.463"/><Cube currency="DKK" rate="7.4598"/><Cube currency="GBP" rate="0.7124"/><Cube currency="HUF" rate="308.65"/><Cube currency="PLN" rate="4.1289"/><Cube currency="RON" rate="4.4435"/><Cube currency="SEK" rate="9.2617"/><Cube currency="CHF" rate="1.0344"/><Cube currency="NOK" rate="8.491"/><Cube currency="HRK" rate="7.5817"/><Cube currency="RUB" rate="57.1277"/><Cube currency="TRY" rate="2.897"/><Cube currency="AUD" rate="1.4267"/><Cube currency="BRL" rate="3.4373"/><Cube currency="CAD" rate="1.3594"/><Cube currency="CNY" rate="6.7568"/><Cube currency="HKD" rate="8.4484"/><Cube currency="IDR" rate="14380.97"/><Cube currency="ILS" rate="4.2277"/><Cube currency="INR" rate="69.541"/><Cube currency="KRW" rate="1208.3"/><Cube currency="MXN" rate="16.7079"/><Cube currency="MYR" rate="3.9797"/><Cube currency="NZD" rate="1.5213"/><Cube currency="PHP" rate="48.56"/><Cube currency="SGD" rate="1.4723"/><Cube currency="THB" rate="36.909"/><Cube currency="ZAR" rate="13.2001"/></Cube><Cube time="2015-05-27"><Cube currency="USD" rate="1.0863"/><Cube currency="JPY" rate="134.37"/><Cube currency="BGN" rate="1.9558"/><Cube currency="CZK" rate="27.404"/><Cube currency="DKK" rate="7.4565"/><Cube currency="GBP" rate="0.707"/><Cube currency="HUF" rate="308.8"/><Cube currency="PLN" rate="4.1335"/><Cube currency="RON" rate="4.448"/><Cube currency="SEK" rate="9.2708"/><Cube currency="CHF" rate="1.0331"/><Cube currency="NOK" rate="8.4255"/><Cube currency="HRK" rate="7.5755"/><Cube currency="RUB" rate="56.41"/><Cube currency="TRY" rate="2.8848"/><Cube currency="AUD" rate="1.4089"/><Cube currency="BRL" rate="3.4335"/><Cube currency="CAD" rate="1.3531"/><Cube currency="CNY" rate="6.7338"/><Cube currency="HKD" rate="8.4222"/><Cube currency="IDR" rate="14361.48"/><Cube currency="ILS" rate="4.2134"/><Cube currency="INR" rate="69.5788"/><Cube currency="KRW" rate="1205.12"/><Cube currency="MXN" rate="16.655"/><Cube currency="MYR" rate="3.9615"/><Cube currency="NZD" rate="1.5031"/><Cube currency="PHP" rate="48.586"/><Cube currency="SGD" rate="1.4691"/><Cube currency="THB" rate="36.777"/><Cube currency="ZAR" rate="13.162"/></Cube><Cube time="2015-05-26"><Cube currency="USD" rate="1.0926"/><Cube currency="JPY" rate="134.07"/><Cube currency="BGN" rate="1.9558"/><Cube currency="CZK" rate="27.407"/><Cube currency="DKK" rate="7.4549"/><Cube currency="GBP" rate="0.7096"/><Cube currency="HUF" rate="309.17"/><Cube currency="PLN" rate="4.1391"/><Cube currency="RON" rate="4.4598"/><Cube currency="SEK" rate="9.186"/><Cube currency="CHF" rate="1.0351"/><Cube currency="NOK" rate="8.3685"/><Cube currency="HRK" rate="7.5598"/><Cube currency="RUB" rate="55.0995"/><Cube currency="TRY" rate="2.8751"/><Cube currency="AUD" rate="1.402"/><Cube currency="BRL" rate="3.4121"/><Cube currency="CAD" rate="1.352"/><Cube currency="CNY" rate="6.7785"/><Cube currency="HKD" rate="8.4706"/><Cube currency="IDR" rate="14436.2"/><Cube currency="ILS" rate="4.2423"/><Cube currency="INR" rate="69.8445"/><Cube currency="KRW" rate="1207.02"/><Cube currency="MXN" rate="16.7097"/><Cube currency="MYR" rate="3.9642"/><Cube currency="NZD" rate="1.4981"/><Cube currency="PHP" rate="48.79"/><Cube currency="SGD" rate="1.4707"/><Cube currency="THB" rate="36.799"/><Cube currency="ZAR" rate="13.1248"/></Cube><Cube time="2015-05-25"><Cube currency="USD" rate="1.0978"/><Cube currency="JPY" rate="133.39"/><Cube currency="BGN" rate="1.9558"/><Cube currency="CZK" rate="27.372"/><Cube currency="DKK" rate="7.4552"/><Cube currency="GBP" rate="0.71"/><Cube currency="HUF" rate="307.71"/><Cube currency="PLN" rate="4.1075"/><Cube currency="RON" rate="4.4539"/><Cube currency="SEK" rate="9.2425"/><Cube currency="CHF" rate="1.0349"/><Cube currency="NOK" rate="8.39"/><Cube currency="HRK" rate="7.5383"/><Cube currency="RUB" rate="54.881"/><Cube currency="TRY" rate="2.8665"/><Cube currency="AUD" rate="1.4023"/><Cube currency="BRL" rate="3.425"/><Cube currency="CAD" rate="1.3496"/><Cube currency="CNY" rate="6.8098"/><Cube currency="HKD" rate="8.51"/><Cube currency="IDR" rate="14471.4"/><Cube currency="ILS" rate="4.269"/><Cube currency="INR" rate="69.7761"/><Cube currency="KRW" rate="1204.41"/><Cube currency="MXN" rate="16.7662"/><Cube currency="MYR" rate="3.9668"/><Cube currency="NZD" rate="1.5025"/><Cube currency="PHP" rate="48.958"/><Cube currency="SGD" rate="1.4728"/><Cube currency="THB" rate="36.882"/><Cube currency="ZAR" rate="13.1034"/></Cube><Cube time="2015-05-22"><Cube currency="USD" rate="1.1164"/><Cube currency="JPY" rate="135.01"/><Cube currency="BGN" rate="1.9558"/><Cube currency="CZK" rate="27.395"/><Cube currency="DKK" rate="7.4567"/><Cube currency="GBP" rate="0.7138"/><Cube currency="HUF" rate="306.96"/><Cube currency="PLN" rate="4.1003"/><Cube currency="RON" rate="4.4536"/><Cube currency="SEK" rate="9.2476"/><Cube currency="CHF" rate="1.0417"/><Cube currency="NOK" rate="8.4135"/><Cube currency="HRK" rate="7.539"/><Cube currency="RUB" rate="55.85"/><Cube currency="TRY" rate="2.8945"/><Cube currency="AUD" rate="1.4163"/><Cube currency="BRL" rate="3.3931"/><Cube currency="CAD" rate="1.362"/><Cube currency="CNY" rate="6.9194"/><Cube currency="HKD" rate="8.6543"/><Cube currency="IDR" rate="14679.48"/><Cube currency="ILS" rate="4.3097"/><Cube currency="INR" rate="70.8589"/><Cube currency="KRW" rate="1218.15"/><Cube currency="MXN" rate="17.005"/><Cube currency="MYR" rate="4.0013"/><Cube currency="NZD" rate="1.5169"/><Cube currency="PHP" rate="49.804"/><Cube currency="SGD" rate="1.4848"/><Cube currency="THB" rate="37.242"/><Cube currency="ZAR" rate="13.1543"/></Cube><Cube time="2015-05-21"><Cube currency="USD" rate="1.1133"/><Cube currency="JPY" rate="134.79"/><Cube currency="BGN" rate="1.9558"/><Cube currency="CZK" rate="27.351"/><Cube currency="DKK" rate="7.4577"/><Cube currency="GBP" rate="0.7099"/><Cube currency="HUF" rate="306.97"/><Cube currency="PLN" rate="4.0959"/><Cube currency="RON" rate="4.449"/><Cube currency="SEK" rate="9.2613"/><Cube currency="CHF" rate="1.0394"/><Cube currency="NOK" rate="8.433"/><Cube currency="HRK" rate="7.5398"/><Cube currency="RUB" rate="55.2685"/><Cube currency="TRY" rate="2.8611"/><Cube currency="AUD" rate="1.4112"/><Cube currency="BRL" rate="3.353"/><Cube currency="CAD" rate="1.36"/><Cube currency="CNY" rate="6.898"/><Cube currency="HKD" rate="8.6322"/><Cube currency="IDR" rate="14620.12"/><Cube currency="ILS" rate="4.3031"/><Cube currency="INR" rate="70.8201"/><Cube currency="KRW" rate="1218.13"/><Cube currency="MXN" rate="16.8999"/><Cube currency="MYR" rate="4.0123"/><Cube currency="NZD" rate="1.5239"/><Cube currency="PHP" rate="49.433"/><Cube currency="SGD" rate="1.4875"/><Cube currency="THB" rate="37.203"/><Cube currency="ZAR" rate="13.1113"/></Cube><Cube time="2015-05-20"><Cube currency="USD" rate="1.1118"/><Cube currency="JPY" rate="134.43"/><Cube currency="BGN" rate="1.9558"/><Cube currency="CZK" rate="27.33"/><Cube currency="DKK" rate="7.4598"/><Cube currency="GBP" rate="0.7157"/><Cube currency="HUF" rate="306.5"/><Cube currency="PLN" rate="4.0653"/><Cube currency="RON" rate="4.4458"/><Cube currency="SEK" rate="9.2927"/><Cube currency="CHF" rate="1.0429"/><Cube currency="NOK" rate="8.3975"/><Cube currency="HRK" rate="7.5338"/><Cube currency="RUB" rate="55.4715"/><Cube currency="TRY" rate="2.8845"/><Cube currency="AUD" rate="1.407"/><Cube currency="BRL" rate="3.3759"/><Cube currency="CAD" rate="1.3578"/><Cube currency="CNY" rate="6.8974"/><Cube currency="HKD" rate="8.6193"/><Cube currency="IDR" rate="14609.91"/><Cube currency="ILS" rate="4.305"/><Cube currency="INR" rate="70.9265"/><Cube currency="KRW" rate="1218.25"/><Cube currency="MXN" rate="16.8716"/><Cube currency="MYR" rate="4.018"/><Cube currency="NZD" rate="1.5143"/><Cube currency="PHP" rate="49.579"/><Cube currency="SGD" rate="1.4851"/><Cube currency="THB" rate="37.334"/><Cube currency="ZAR" rate="13.2281"/></Cube><Cube time="2015-05-19"><Cube currency="USD" rate="1.118"/><Cube currency="JPY" rate="134.36"/><Cube currency="BGN" rate="1.9558"/><Cube currency="CZK" rate="27.357"/><Cube currency="DKK" rate="7.459"/><Cube currency="GBP" rate="0.72185"/><Cube currency="HUF" rate="305.07"/><Cube currency="PLN" rate="4.0486"/><Cube currency="RON" rate="4.448"/><Cube currency="SEK" rate="9.3133"/><Cube currency="CHF" rate="1.042"/><Cube currency="NOK" rate="8.3545"/><Cube currency="HRK" rate="7.533"/><Cube currency="RUB" rate="55.2035"/><Cube currency="TRY" rate="2.89"/><Cube currency="AUD" rate="1.4027"/><Cube currency="BRL" rate="3.3653"/><Cube currency="CAD" rate="1.3618"/><Cube currency="CNY" rate="6.9384"/><Cube currency="HKD" rate="8.6668"/><Cube currency="IDR" rate="14690.46"/><Cube currency="ILS" rate="4.3132"/><Cube currency="INR" rate="71.2153"/><Cube currency="KRW" rate="1219.29"/><Cube currency="MXN" rate="16.9139"/><Cube currency="MYR" rate="4.0207"/><Cube currency="NZD" rate="1.5103"/><Cube currency="PHP" rate="49.862"/><Cube currency="SGD" rate="1.4885"/><Cube currency="THB" rate="37.375"/><Cube currency="ZAR" rate="13.254"/></Cube><Cube time="2015-05-18"><Cube currency="USD" rate="1.1389"/><Cube currency="JPY" rate="136.33"/><Cube currency="BGN" rate="1.9558"/><Cube currency="CZK" rate="27.401"/><Cube currency="DKK" rate="7.464"/><Cube currency="GBP" rate="0.727"/><Cube currency="HUF" rate="307.55"/><Cube currency="PLN" rate="4.0615"/><Cube currency="RON" rate="4.4465"/><Cube currency="SEK" rate="9.3836"/><Cube currency="CHF" rate="1.0482"/><Cube currency="NOK" rate="8.3815"/><Cube currency="HRK" rate="7.5325"/><Cube currency="RUB" rate="56.0016"/><Cube currency="TRY" rate="2.9385"/><Cube currency="AUD" rate="1.4228"/><Cube currency="BRL" rate="3.4161"/><Cube currency="CAD" rate="1.3733"/><Cube currency="CNY" rate="7.0661"/><Cube currency="HKD" rate="8.8283"/><Cube currency="IDR" rate="14967.91"/><Cube currency="ILS" rate="4.3569"/><Cube currency="INR" rate="72.5115"/><Cube currency="KRW" rate="1236.94"/><Cube currency="MXN" rate="17.1188"/><Cube currency="MYR" rate="4.065"/><Cube currency="NZD" rate="1.5356"/><Cube currency="PHP" rate="50.596"/><Cube currency="SGD" rate="1.5056"/><Cube currency="THB" rate="37.977"/><Cube currency="ZAR" rate="13.5051"/></Cube><Cube time="2015-05-15"><Cube currency="USD" rate="1.1328"/><Cube currency="JPY" rate="135.78"/><Cube currency="BGN" rate="1.9558"/><Cube currency="CZK" rate="27.401"/><Cube currency="DKK" rate="7.4652"/><Cube currency="GBP" rate="0.7211"/><Cube currency="HUF" rate="306.67"/><Cube currency="PLN" rate="4.0432"/><Cube currency="RON" rate="4.4415"/><Cube currency="SEK" rate="9.4273"/><Cube currency="CHF" rate="1.0463"/><Cube currency="NOK" rate="8.3745"/><Cube currency="HRK" rate="7.5468"/><Cube currency="RUB" rate="56.7475"/><Cube currency="TRY" rate="2.9405"/><Cube currency="AUD" rate="1.4159"/><Cube currency="BRL" rate="3.4119"/><Cube currency="CAD" rate="1.3636"/><Cube currency="CNY" rate="7.0278"/><Cube currency="HKD" rate="8.7803"/><Cube currency="IDR" rate="14878.12"/><Cube currency="ILS" rate="4.3386"/><Cube currency="INR" rate="72.1159"/><Cube currency="KRW" rate="1234.48"/><Cube currency="MXN" rate="17.2921"/><Cube currency="MYR" rate="4.0449"/><Cube currency="NZD" rate="1.5237"/><Cube currency="PHP" rate="50.365"/><Cube currency="SGD" rate="1.5023"/><Cube currency="THB" rate="38.07"/><Cube currency="ZAR" rate="13.4438"/></Cube><Cube time="2015-05-14"><Cube currency="USD" rate="1.1419"/><Cube currency="JPY" rate="136.12"/><Cube currency="BGN" rate="1.9558"/><Cube currency="CZK" rate="27.458"/><Cube currency="DKK" rate="7.4646"/><Cube currency="GBP" rate="0.7231"/><Cube currency="HUF" rate="307.52"/><Cube currency="PLN" rate="4.0827"/><Cube currency="RON" rate="4.458"/><Cube currency="SEK" rate="9.3907"/><Cube currency="CHF" rate="1.0386"/><Cube currency="NOK" rate="8.4328"/><Cube currency="HRK" rate="7.5495"/><Cube currency="RUB" rate="57.061"/><Cube currency="TRY" rate="2.9764"/><Cube currency="AUD" rate="1.4087"/><Cube currency="BRL" rate="3.4572"/><Cube currency="CAD" rate="1.3645"/><Cube currency="CNY" rate="7.0812"/><Cube currency="HKD" rate="8.851"/><Cube currency="IDR" rate="14891.45"/><Cube currency="ILS" rate="4.3618"/><Cube currency="INR" rate="72.7162"/><Cube currency="KRW" rate="1245.36"/><Cube currency="MXN" rate="17.3826"/><Cube currency="MYR" rate="4.0762"/><Cube currency="NZD" rate="1.5199"/><Cube currency="PHP" rate="50.839"/><Cube currency="SGD" rate="1.5053"/><Cube currency="THB" rate="38.241"/><Cube currency="ZAR" rate="13.5127"/></Cube><Cube time="2015-05-13"><Cube currency="USD" rate="1.1221"/><Cube currency="JPY" rate="134.31"/><Cube currency="BGN" rate="1.9558"/><Cube currency="CZK" rate="27.45"/><Cube currency="DKK" rate="7.463"/><Cube currency="GBP" rate="0.7174"/><Cube currency="HUF" rate="306.95"/><Cube currency="PLN" rate="4.0872"/><Cube currency="RON" rate="4.4602"/><Cube currency="SEK" rate="9.3267"/><Cube currency="CHF" rate="1.041"/><Cube currency="NOK" rate="8.357"/><Cube currency="HRK" rate="7.5591"/><Cube currency="RUB" rate="55.608"/><Cube currency="TRY" rate="2.9744"/><Cube currency="AUD" rate="1.3945"/><Cube currency="BRL" rate="3.3684"/><Cube currency="CAD" rate="1.3436"/><Cube currency="CNY" rate="6.9622"/><Cube currency="HKD" rate="8.6987"/><Cube currency="IDR" rate="14723.46"/><Cube currency="ILS" rate="4.3235"/><Cube currency="INR" rate="71.8256"/><Cube currency="KRW" rate="1229.03"/><Cube currency="MXN" rate="17.1482"/><Cube currency="MYR" rate="4.036"/><Cube currency="NZD" rate="1.5061"/><Cube currency="PHP" rate="50.12"/><Cube currency="SGD" rate="1.4916"/><Cube currency="THB" rate="37.661"/><Cube currency="ZAR" rate="13.445"/></Cube><Cube time="2015-05-12"><Cube currency="USD" rate="1.1239"/><Cube currency="JPY" rate="134.85"/><Cube currency="BGN" rate="1.9558"/><Cube currency="CZK" rate="27.394"/><Cube currency="DKK" rate="7.463"/><Cube currency="GBP" rate="0.7164"/><Cube currency="HUF" rate="306.57"/><Cube currency="PLN" rate="4.1028"/><Cube currency="RON" rate="4.4655"/><Cube currency="SEK" rate="9.3147"/><Cube currency="CHF" rate="1.0396"/><Cube currency="NOK" rate="8.3945"/><Cube currency="HRK" rate="7.58"/><Cube currency="RUB" rate="56.93"/><Cube currency="TRY" rate="3.0245"/><Cube currency="AUD" rate="1.407"/><Cube currency="BRL" rate="3.4514"/><Cube currency="CAD" rate="1.3532"/><Cube currency="CNY" rate="6.9822"/><Cube currency="HKD" rate="8.7133"/><Cube currency="IDR" rate="14844.94"/><Cube currency="ILS" rate="4.3442"/><Cube currency="INR" rate="72.2546"/><Cube currency="KRW" rate="1231.25"/><Cube currency="MXN" rate="17.3215"/><Cube currency="MYR" rate="4.0609"/><Cube currency="NZD" rate="1.5239"/><Cube currency="PHP" rate="50.366"/><Cube currency="SGD" rate="1.5013"/><Cube currency="THB" rate="37.939"/><Cube currency="ZAR" rate="13.6327"/></Cube><Cube time="2015-05-11"><Cube currency="USD" rate="1.1142"/><Cube currency="JPY" rate="133.64"/><Cube currency="BGN" rate="1.9558"/><Cube currency="CZK" rate="27.4"/><Cube currency="DKK" rate="7.4628"/><Cube currency="GBP" rate="0.7196"/><Cube currency="HUF" rate="304.4"/><Cube currency="PLN" rate="4.0668"/><Cube currency="RON" rate="4.4509"/><Cube currency="SEK" rate="9.269"/><Cube currency="CHF" rate="1.0403"/><Cube currency="NOK" rate="8.4245"/><Cube currency="HRK" rate="7.562"/><Cube currency="RUB" rate="57.3713"/><Cube currency="TRY" rate="3.0042"/><Cube currency="AUD" rate="1.4117"/><Cube currency="BRL" rate="3.3277"/><Cube currency="CAD" rate="1.3497"/><Cube currency="CNY" rate="6.9194"/><Cube currency="HKD" rate="8.6381"/><Cube currency="IDR" rate="14647.3"/><Cube currency="ILS" rate="4.3118"/><Cube currency="INR" rate="71.135"/><Cube currency="KRW" rate="1219.64"/><Cube currency="MXN" rate="16.9074"/><Cube currency="MYR" rate="4.0102"/><Cube currency="NZD" rate="1.5115"/><Cube currency="PHP" rate="49.83"/><Cube currency="SGD" rate="1.4871"/><Cube currency="THB" rate="37.521"/><Cube currency="ZAR" rate="13.3584"/></Cube><Cube time="2015-05-08"><Cube currency="USD" rate="1.1221"/><Cube currency="JPY" rate="134.9"/><Cube currency="BGN" rate="1.9558"/><Cube currency="CZK" rate="27.411"/><Cube currency="DKK" rate="7.4639"/><Cube currency="GBP" rate="0.728"/><Cube currency="HUF" rate="303.91"/><Cube currency="PLN" rate="4.0679"/><Cube currency="RON" rate="4.4508"/><Cube currency="SEK" rate="9.2945"/><Cube currency="CHF" rate="1.0385"/><Cube currency="NOK" rate="8.3815"/><Cube currency="HRK" rate="7.5545"/><Cube currency="RUB" rate="56.905"/><Cube currency="TRY" rate="3.0324"/><Cube currency="AUD" rate="1.4181"/><Cube currency="BRL" rate="3.406"/><Cube currency="CAD" rate="1.3581"/><Cube currency="CNY" rate="6.9639"/><Cube currency="HKD" rate="8.7002"/><Cube currency="IDR" rate="14727.17"/><Cube currency="ILS" rate="4.3375"/><Cube currency="INR" rate="71.8031"/><Cube currency="KRW" rate="1227.08"/><Cube currency="MXN" rate="17.1765"/><Cube currency="MYR" rate="4.0362"/><Cube currency="NZD" rate="1.5085"/><Cube currency="PHP" rate="50.141"/><Cube currency="SGD" rate="1.4923"/><Cube currency="THB" rate="37.597"/><Cube currency="ZAR" rate="13.5267"/></Cube><Cube time="2015-05-07"><Cube currency="USD" rate="1.1305"/><Cube currency="JPY" rate="134.72"/><Cube currency="BGN" rate="1.9558"/><Cube currency="CZK" rate="27.405"/><Cube currency="DKK" rate="7.4637"/><Cube currency="GBP" rate="0.7425"/><Cube currency="HUF" rate="304.56"/><Cube currency="PLN" rate="4.0461"/><Cube currency="RON" rate="4.4353"/><Cube currency="SEK" rate="9.2951"/><Cube currency="CHF" rate="1.0343"/><Cube currency="NOK" rate="8.3275"/><Cube currency="HRK" rate="7.574"/><Cube currency="RUB" rate="57.055"/><Cube currency="TRY" rate="3.0332"/><Cube currency="AUD" rate="1.4186"/><Cube currency="BRL" rate="3.4218"/><Cube currency="CAD" rate="1.3645"/><Cube currency="CNY" rate="7.0129"/><Cube currency="HKD" rate="8.7642"/><Cube currency="IDR" rate="14853.95"/><Cube currency="ILS" rate="4.3658"/><Cube currency="INR" rate="72.5279"/><Cube currency="KRW" rate="1234.03"/><Cube currency="MXN" rate="17.3362"/><Cube currency="MYR" rate="4.0671"/><Cube currency="NZD" rate="1.5108"/><Cube currency="PHP" rate="50.551"/><Cube currency="SGD" rate="1.5049"/><Cube currency="THB" rate="37.967"/><Cube currency="ZAR" rate="13.5617"/></Cube><Cube time="2015-05-06"><Cube currency="USD" rate="1.123"/><Cube currency="JPY" rate="134.59"/><Cube currency="BGN" rate="1.9558"/><Cube currency="CZK" rate="27.415"/><Cube currency="DKK" rate="7.4648"/><Cube currency="GBP" rate="0.7376"/><Cube currency="HUF" rate="304.55"/><Cube currency="PLN" rate="4.0483"/><Cube currency="RON" rate="4.4432"/><Cube currency="SEK" rate="9.3066"/><Cube currency="CHF" rate="1.0374"/><Cube currency="NOK" rate="8.413"/><Cube currency="HRK" rate="7.581"/><Cube currency="RUB" rate="56.0901"/><Cube currency="TRY" rate="3.0405"/><Cube currency="AUD" rate="1.403"/><Cube currency="BRL" rate="3.4394"/><Cube currency="CAD" rate="1.3487"/><Cube currency="CNY" rate="6.963"/><Cube currency="HKD" rate="8.7053"/><Cube currency="IDR" rate="14662.18"/><Cube currency="ILS" rate="4.3465"/><Cube currency="INR" rate="71.3554"/><Cube currency="KRW" rate="1215.84"/><Cube currency="MXN" rate="17.2044"/><Cube currency="MYR" rate="4.0089"/><Cube currency="NZD" rate="1.499"/><Cube currency="PHP" rate="50.061"/><Cube currency="SGD" rate="1.4899"/><Cube currency="THB" rate="37.373"/><Cube currency="ZAR" rate="13.5142"/></Cube><Cube time="2015-05-05"><Cube currency="USD" rate="1.1117"/><Cube currency="JPY" rate="133.92"/><Cube currency="BGN" rate="1.9558"/><Cube currency="CZK" rate="27.362"/><Cube currency="DKK" rate="7.4647"/><Cube currency="GBP" rate="0.735"/><Cube currency="HUF" rate="301.7"/><Cube currency="PLN" rate="4.0182"/><Cube currency="RON" rate="4.4308"/><Cube currency="SEK" rate="9.3284"/><Cube currency="CHF" rate="1.0376"/><Cube currency="NOK" rate="8.4475"/><Cube currency="HRK" rate="7.5878"/><Cube currency="RUB" rate="57.16"/><Cube currency="TRY" rate="3.0169"/><Cube currency="AUD" rate="1.4119"/><Cube currency="BRL" rate="3.4318"/><Cube currency="CAD" rate="1.344"/><Cube currency="CNY" rate="6.895"/><Cube currency="HKD" rate="8.6169"/><Cube currency="IDR" rate="14526.52"/><Cube currency="ILS" rate="4.3172"/><Cube currency="INR" rate="70.5142"/><Cube currency="KRW" rate="1204.72"/><Cube currency="MXN" rate="17.1652"/><Cube currency="MYR" rate="4.0166"/><Cube currency="NZD" rate="1.4822"/><Cube currency="PHP" rate="49.623"/><Cube currency="SGD" rate="1.4862"/><Cube currency="THB" rate="37.131"/><Cube currency="ZAR" rate="13.3938"/></Cube><Cube time="2015-05-04"><Cube currency="USD" rate="1.1152"/><Cube currency="JPY" rate="134.07"/><Cube currency="BGN" rate="1.9558"/><Cube currency="CZK" rate="27.364"/><Cube currency="DKK" rate="7.4646"/><Cube currency="GBP" rate="0.73788"/><Cube currency="HUF" rate="303.42"/><Cube currency="PLN" rate="4.048"/><Cube currency="RON" rate="4.4275"/><Cube currency="SEK" rate="9.334"/><Cube currency="CHF" rate="1.0431"/><Cube currency="NOK" rate="8.463"/><Cube currency="HRK" rate="7.5826"/><Cube currency="RUB" rate="57.7651"/><Cube currency="TRY" rate="3.0278"/><Cube currency="AUD" rate="1.4225"/><Cube currency="BRL" rate="3.4312"/><Cube currency="CAD" rate="1.3512"/><Cube currency="CNY" rate="6.9245"/><Cube currency="HKD" rate="8.646"/><Cube currency="IDR" rate="14521.99"/><Cube currency="ILS" rate="4.3367"/><Cube currency="INR" rate="70.9961"/><Cube currency="KRW" rate="1206.68"/><Cube currency="MXN" rate="17.3313"/><Cube currency="MYR" rate="4.0152"/><Cube currency="NZD" rate="1.4727"/><Cube currency="PHP" rate="49.803"/><Cube currency="SGD" rate="1.4861"/><Cube currency="THB" rate="37.158"/><Cube currency="ZAR" rate="13.439"/></Cube><Cube time="2015-04-30"><Cube currency="USD" rate="1.1215"/><Cube currency="JPY" rate="133.26"/><Cube currency="BGN" rate="1.9558"/><Cube currency="CZK" rate="27.43"/><Cube currency="DKK" rate="7.4631"/><Cube currency="GBP" rate="0.7267"/><Cube currency="HUF" rate="302.81"/><Cube currency="PLN" rate="4.025"/><Cube currency="RON" rate="4.4183"/><Cube currency="SEK" rate="9.3261"/><Cube currency="CHF" rate="1.0486"/><Cube currency="NOK" rate="8.3845"/><Cube currency="HRK" rate="7.5715"/><Cube currency="RUB" rate="57.6465"/><Cube currency="TRY" rate="2.9815"/><Cube currency="AUD" rate="1.4161"/><Cube currency="BRL" rate="3.3232"/><Cube currency="CAD" rate="1.348"/><Cube currency="CNY" rate="6.9568"/><Cube currency="HKD" rate="8.6925"/><Cube currency="IDR" rate="14547.71"/><Cube currency="ILS" rate="4.334"/><Cube currency="INR" rate="71.2153"/><Cube currency="KRW" rate="1202.48"/><Cube currency="MXN" rate="17.0894"/><Cube currency="MYR" rate="3.9895"/><Cube currency="NZD" rate="1.4727"/><Cube currency="PHP" rate="50.088"/><Cube currency="SGD" rate="1.4815"/><Cube currency="THB" rate="36.976"/><Cube currency="ZAR" rate="13.2413"/></Cube><Cube time="2015-04-29"><Cube currency="USD" rate="1.1002"/><Cube currency="JPY" rate="131.2"/><Cube currency="BGN" rate="1.9558"/><Cube currency="CZK" rate="27.435"/><Cube currency="DKK" rate="7.4619"/><Cube currency="GBP" rate="0.7161"/><Cube currency="HUF" rate="302.55"/><Cube currency="PLN" rate="4.012"/><Cube currency="RON" rate="4.4125"/><Cube currency="SEK" rate="9.2723"/><Cube currency="CHF" rate="1.0491"/><Cube currency="NOK" rate="8.385"/><Cube currency="HRK" rate="7.5763"/><Cube currency="RUB" rate="56.785"/><Cube currency="TRY" rate="2.9437"/><Cube currency="AUD" rate="1.3762"/><Cube currency="BRL" rate="3.2467"/><Cube currency="CAD" rate="1.3262"/><Cube currency="CNY" rate="6.8211"/><Cube currency="HKD" rate="8.5278"/><Cube currency="IDR" rate="14212.78"/><Cube currency="ILS" rate="4.2601"/><Cube currency="INR" rate="69.7841"/><Cube currency="KRW" rate="1179.14"/><Cube currency="MXN" rate="16.8221"/><Cube currency="MYR" rate="3.9178"/><Cube currency="NZD" rate="1.431"/><Cube currency="PHP" rate="48.743"/><Cube currency="SGD" rate="1.4557"/><Cube currency="THB" rate="36.142"/><Cube currency="ZAR" rate="13.0682"/></Cube><Cube time="2015-04-28"><Cube currency="USD" rate="1.0927"/><Cube currency="JPY" rate="130.09"/><Cube currency="BGN" rate="1.9558"/><Cube currency="CZK" rate="27.471"/><Cube currency="DKK" rate="7.4607"/><Cube currency="GBP" rate="0.715"/><Cube currency="HUF" rate="301.35"/><Cube currency="PLN" rate="4.0015"/><Cube currency="RON" rate="4.4026"/><Cube currency="SEK" rate="9.3808"/><Cube currency="CHF" rate="1.0464"/><Cube currency="NOK" rate="8.392"/><Cube currency="HRK" rate="7.586"/><Cube currency="RUB" rate="57.0315"/><Cube currency="TRY" rate="2.9161"/><Cube currency="AUD" rate="1.3752"/><Cube currency="BRL" rate="3.1786"/><Cube currency="CAD" rate="1.3188"/><Cube currency="CNY" rate="6.7806"/><Cube currency="HKD" rate="8.4696"/><Cube currency="IDR" rate="14149.02"/><Cube currency="ILS" rate="4.2577"/><Cube currency="INR" rate="68.9985"/><Cube currency="KRW" rate="1167.18"/><Cube currency="MXN" rate="16.7325"/><Cube currency="MYR" rate="3.8755"/><Cube currency="NZD" rate="1.4226"/><Cube currency="PHP" rate="48.32"/><Cube currency="SGD" rate="1.4433"/><Cube currency="THB" rate="35.611"/><Cube currency="ZAR" rate="13.0108"/></Cube><Cube time="2015-04-27"><Cube currency="USD" rate="1.0822"/><Cube currency="JPY" rate="129.23"/><Cube currency="BGN" rate="1.9558"/><Cube currency="CZK" rate="27.441"/><Cube currency="DKK" rate="7.4608"/><Cube currency="GBP" rate="0.7162"/><Cube currency="HUF" rate="301.21"/><Cube currency="PLN" rate="4.0037"/><Cube currency="RON" rate="4.4173"/><Cube currency="SEK" rate="9.3562"/><Cube currency="CHF" rate="1.0367"/><Cube currency="NOK" rate="8.4345"/><Cube currency="HRK" rate="7.5943"/><Cube currency="RUB" rate="55.8503"/><Cube currency="TRY" rate="2.9414"/><Cube currency="AUD" rate="1.3867"/><Cube currency="BRL" rate="3.2023"/><Cube currency="CAD" rate="1.3155"/><Cube currency="CNY" rate="6.7311"/><Cube currency="HKD" rate="8.3877"/><Cube currency="IDR" rate="14057.78"/><Cube currency="ILS" rate="4.2497"/><Cube currency="INR" rate="68.7926"/><Cube currency="KRW" rate="1162.38"/><Cube currency="MXN" rate="16.6591"/><Cube currency="MYR" rate="3.8533"/><Cube currency="NZD" rate="1.425"/><Cube currency="PHP" rate="47.933"/><Cube currency="SGD" rate="1.4435"/><Cube currency="THB" rate="35.386"/><Cube currency="ZAR" rate="13.1046"/></Cube><Cube time="2015-04-24"><Cube currency="USD" rate="1.0824"/><Cube currency="JPY" rate="129.36"/><Cube currency="BGN" rate="1.9558"/><Cube currency="CZK" rate="27.454"/><Cube currency="DKK" rate="7.4607"/><Cube currency="GBP" rate="0.7159"/><Cube currency="HUF" rate="301.48"/><Cube currency="PLN" rate="4.0131"/><Cube currency="RON" rate="4.4162"/><Cube currency="SEK" rate="9.3816"/><Cube currency="CHF" rate="1.0338"/><Cube currency="NOK" rate="8.475"/><Cube currency="HRK" rate="7.6075"/><Cube currency="RUB" rate="55.4355"/><Cube currency="TRY" rate="2.9565"/><Cube currency="AUD" rate="1.3884"/><Cube currency="BRL" rate="3.2183"/><Cube currency="CAD" rate="1.3118"/><Cube currency="CNY" rate="6.7053"/><Cube currency="HKD" rate="8.3886"/><Cube currency="IDR" rate="14021.41"/><Cube currency="ILS" rate="4.2478"/><Cube currency="INR" rate="68.8001"/><Cube currency="KRW" rate="1167.1"/><Cube currency="MXN" rate="16.6235"/><Cube currency="MYR" rate="3.8686"/><Cube currency="NZD" rate="1.4305"/><Cube currency="PHP" rate="47.93"/><Cube currency="SGD" rate="1.4477"/><Cube currency="THB" rate="35.232"/><Cube currency="ZAR" rate="13.1863"/></Cube><Cube time="2015-04-23"><Cube currency="USD" rate="1.0772"/><Cube currency="JPY" rate="129.36"/><Cube currency="BGN" rate="1.9558"/><Cube currency="CZK" rate="27.399"/><Cube currency="DKK" rate="7.4601"/><Cube currency="GBP" rate="0.717"/><Cube currency="HUF" rate="301.57"/><Cube currency="PLN" rate="4.0185"/><Cube currency="RON" rate="4.4235"/><Cube currency="SEK" rate="9.379"/><Cube currency="CHF" rate="1.0383"/><Cube currency="NOK" rate="8.516"/><Cube currency="HRK" rate="7.5883"/><Cube currency="RUB" rate="55.2952"/><Cube currency="TRY" rate="2.9398"/><Cube currency="AUD" rate="1.3937"/><Cube currency="BRL" rate="3.2328"/><Cube currency="CAD" rate="1.317"/><Cube currency="CNY" rate="6.6764"/><Cube currency="HKD" rate="8.3484"/><Cube currency="IDR" rate="13947.48"/><Cube currency="ILS" rate="4.2464"/><Cube currency="INR" rate="68.211"/><Cube currency="KRW" rate="1167.64"/><Cube currency="MXN" rate="16.611"/><Cube currency="MYR" rate="3.9067"/><Cube currency="NZD" rate="1.4259"/><Cube currency="PHP" rate="47.608"/><Cube currency="SGD" rate="1.4513"/><Cube currency="THB" rate="34.963"/><Cube currency="ZAR" rate="13.2001"/></Cube><Cube time="2015-04-22"><Cube currency="USD" rate="1.0743"/><Cube currency="JPY" rate="128.45"/><Cube currency="BGN" rate="1.9558"/><Cube currency="CZK" rate="27.469"/><Cube currency="DKK" rate="7.4619"/><Cube currency="GBP" rate="0.7129"/><Cube currency="HUF" rate="300.27"/><Cube currency="PLN" rate="4.0022"/><Cube currency="RON" rate="4.4278"/><Cube currency="SEK" rate="9.2985"/><Cube currency="CHF" rate="1.0323"/><Cube currency="NOK" rate="8.443"/><Cube currency="HRK" rate="7.576"/><Cube currency="RUB" rate="56.818"/><Cube currency="TRY" rate="2.9145"/><Cube currency="AUD" rate="1.3796"/><Cube currency="BRL" rate="3.2461"/><Cube currency="CAD" rate="1.3152"/><Cube currency="CNY" rate="6.6543"/><Cube currency="HKD" rate="8.3258"/><Cube currency="IDR" rate="13845.22"/><Cube currency="ILS" rate="4.2236"/><Cube currency="INR" rate="67.622"/><Cube currency="KRW" rate="1157.83"/><Cube currency="MXN" rate="16.5727"/><Cube currency="MYR" rate="3.8619"/><Cube currency="NZD" rate="1.3922"/><Cube currency="PHP" rate="47.457"/><Cube currency="SGD" rate="1.4456"/><Cube currency="THB" rate="34.764"/><Cube currency="ZAR" rate="13.0357"/></Cube><Cube time="2015-04-21"><Cube currency="USD" rate="1.07"/><Cube currency="JPY" rate="127.75"/><Cube currency="BGN" rate="1.9558"/><Cube currency="CZK" rate="27.418"/><Cube currency="DKK" rate="7.461"/><Cube currency="GBP" rate="0.7187"/><Cube currency="HUF" rate="297.41"/><Cube currency="PLN" rate="3.9683"/><Cube currency="RON" rate="4.4374"/><Cube currency="SEK" rate="9.2863"/><Cube currency="CHF" rate="1.0252"/><Cube currency="NOK" rate="8.425"/><Cube currency="HRK" rate="7.577"/><Cube currency="RUB" rate="57.4375"/><Cube currency="TRY" rate="2.8755"/><Cube currency="AUD" rate="1.3821"/><Cube currency="BRL" rate="3.2423"/><Cube currency="CAD" rate="1.3085"/><Cube currency="CNY" rate="6.6358"/><Cube currency="HKD" rate="8.2926"/><Cube currency="IDR" rate="13865.38"/><Cube currency="ILS" rate="4.2198"/><Cube currency="INR" rate="67.3091"/><Cube currency="KRW" rate="1158.82"/><Cube currency="MXN" rate="16.5053"/><Cube currency="MYR" rate="3.8859"/><Cube currency="NZD" rate="1.3884"/><Cube currency="PHP" rate="47.329"/><Cube currency="SGD" rate="1.4443"/><Cube currency="THB" rate="34.631"/><Cube currency="ZAR" rate="12.9576"/></Cube><Cube time="2015-04-20"><Cube currency="USD" rate="1.0723"/><Cube currency="JPY" rate="127.68"/><Cube currency="BGN" rate="1.9558"/><Cube currency="CZK" rate="27.417"/><Cube currency="DKK" rate="7.4603"/><Cube currency="GBP" rate="0.71955"/><Cube currency="HUF" rate="297.9"/><Cube currency="PLN" rate="3.9891"/><Cube currency="RON" rate="4.425"/><Cube currency="SEK" rate="9.3018"/><Cube currency="CHF" rate="1.0283"/><Cube currency="NOK" rate="8.442"/><Cube currency="HRK" rate="7.565"/><Cube currency="RUB" rate="57.177"/><Cube currency="TRY" rate="2.8995"/><Cube currency="AUD" rate="1.3823"/><Cube currency="BRL" rate="3.2728"/><Cube currency="CAD" rate="1.3138"/><Cube currency="CNY" rate="6.6543"/><Cube currency="HKD" rate="8.3134"/><Cube currency="IDR" rate="13840.5"/><Cube currency="ILS" rate="4.2133"/><Cube currency="INR" rate="67.526"/><Cube currency="KRW" rate="1160.25"/><Cube currency="MXN" rate="16.4689"/><Cube currency="MYR" rate="3.893"/><Cube currency="NZD" rate="1.397"/><Cube currency="PHP" rate="47.451"/><Cube currency="SGD" rate="1.4464"/><Cube currency="THB" rate="34.732"/><Cube currency="ZAR" rate="12.9749"/></Cube><Cube time="2015-04-17"><Cube currency="USD" rate="1.0814"/><Cube currency="JPY" rate="128.45"/><Cube currency="BGN" rate="1.9558"/><Cube currency="CZK" rate="27.486"/><Cube currency="DKK" rate="7.4608"/><Cube currency="GBP" rate="0.7199"/><Cube currency="HUF" rate="301.36"/><Cube currency="PLN" rate="4.0187"/><Cube currency="RON" rate="4.418"/><Cube currency="SEK" rate="9.2921"/><Cube currency="CHF" rate="1.0297"/><Cube currency="NOK" rate="8.397"/><Cube currency="HRK" rate="7.569"/><Cube currency="RUB" rate="54.9086"/><Cube currency="TRY" rate="2.9037"/><Cube currency="AUD" rate="1.3842"/><Cube currency="BRL" rate="3.2562"/><Cube currency="CAD" rate="1.3183"/><Cube currency="CNY" rate="6.7013"/><Cube currency="HKD" rate="8.382"/><Cube currency="IDR" rate="13838.67"/><Cube currency="ILS" rate="4.239"/><Cube currency="INR" rate="67.474"/><Cube currency="KRW" rate="1167.11"/><Cube currency="MXN" rate="16.4205"/><Cube currency="MYR" rate="3.911"/><Cube currency="NZD" rate="1.4025"/><Cube currency="PHP" rate="47.819"/><Cube currency="SGD" rate="1.4522"/><Cube currency="THB" rate="34.992"/><Cube currency="ZAR" rate="12.9192"/></Cube><Cube time="2015-04-16"><Cube currency="USD" rate="1.0711"/><Cube currency="JPY" rate="127.64"/><Cube currency="BGN" rate="1.9558"/><Cube currency="CZK" rate="27.503"/><Cube currency="DKK" rate="7.4637"/><Cube currency="GBP" rate="0.7189"/><Cube currency="HUF" rate="300.95"/><Cube currency="PLN" rate="4.031"/><Cube currency="RON" rate="4.4158"/><Cube currency="SEK" rate="9.2606"/><Cube currency="CHF" rate="1.0327"/><Cube currency="NOK" rate="8.3725"/><Cube currency="HRK" rate="7.5748"/><Cube currency="RUB" rate="53.4111"/><Cube currency="TRY" rate="2.8899"/><Cube currency="AUD" rate="1.379"/><Cube currency="BRL" rate="3.2312"/><Cube currency="CAD" rate="1.318"/><Cube currency="CNY" rate="6.6377"/><Cube currency="HKD" rate="8.3031"/><Cube currency="IDR" rate="13758.43"/><Cube currency="ILS" rate="4.2206"/><Cube currency="INR" rate="66.6873"/><Cube currency="KRW" rate="1164.56"/><Cube currency="MXN" rate="16.3075"/><Cube currency="MYR" rate="3.9046"/><Cube currency="NZD" rate="1.4038"/><Cube currency="PHP" rate="47.562"/><Cube currency="SGD" rate="1.4502"/><Cube currency="THB" rate="34.709"/><Cube currency="ZAR" rate="12.9081"/></Cube><Cube time="2015-04-15"><Cube currency="USD" rate="1.0579"/><Cube currency="JPY" rate="126.52"/><Cube currency="BGN" rate="1.9558"/><Cube currency="CZK" rate="27.415"/><Cube currency="DKK" rate="7.4671"/><Cube currency="GBP" rate="0.7168"/><Cube currency="HUF" rate="297.85"/><Cube currency="PLN" rate="4.0178"/><Cube currency="RON" rate="4.4197"/><Cube currency="SEK" rate="9.3115"/><Cube currency="CHF" rate="1.0321"/><Cube currency="NOK" rate="8.415"/><Cube currency="HRK" rate="7.5798"/><Cube currency="RUB" rate="53.611"/><Cube currency="TRY" rate="2.8711"/><Cube currency="AUD" rate="1.3945"/><Cube currency="BRL" rate="3.2661"/><Cube currency="CAD" rate="1.3277"/><Cube currency="CNY" rate="6.5644"/><Cube currency="HKD" rate="8.2004"/><Cube currency="IDR" rate="13686.9"/><Cube currency="ILS" rate="4.2095"/><Cube currency="INR" rate="65.9826"/><Cube currency="KRW" rate="1159.5"/><Cube currency="MXN" rate="16.2123"/><Cube currency="MYR" rate="3.9206"/><Cube currency="NZD" rate="1.4104"/><Cube currency="PHP" rate="47.086"/><Cube currency="SGD" rate="1.4402"/><Cube currency="THB" rate="34.327"/><Cube currency="ZAR" rate="12.8567"/></Cube><Cube time="2015-04-14"><Cube currency="USD" rate="1.0564"/><Cube currency="JPY" rate="126.67"/><Cube currency="BGN" rate="1.9558"/><Cube currency="CZK" rate="27.345"/><Cube currency="DKK" rate="7.4691"/><Cube currency="GBP" rate="0.7217"/><Cube currency="HUF" rate="296.64"/><Cube currency="PLN" rate="4.0105"/><Cube currency="RON" rate="4.4118"/><Cube currency="SEK" rate="9.3235"/><Cube currency="CHF" rate="1.0344"/><Cube currency="NOK" rate="8.482"/><Cube currency="HRK" rate="7.583"/><Cube currency="RUB" rate="54.935"/><Cube currency="TRY" rate="2.8284"/><Cube currency="AUD" rate="1.3936"/><Cube currency="BRL" rate="3.2857"/><Cube currency="CAD" rate="1.3292"/><Cube currency="CNY" rate="6.5633"/><Cube currency="HKD" rate="8.1872"/><Cube currency="IDR" rate="13710.09"/><Cube currency="ILS" rate="4.2108"/><Cube currency="INR" rate="65.905"/><Cube currency="KRW" rate="1156.94"/><Cube currency="MXN" rate="16.2263"/><Cube currency="MYR" rate="3.9092"/><Cube currency="NZD" rate="1.4169"/><Cube currency="PHP" rate="47.117"/><Cube currency="SGD" rate="1.44"/><Cube currency="THB" rate="34.291"/><Cube currency="ZAR" rate="12.81"/></Cube><Cube time="2015-04-13"><Cube currency="USD" rate="1.0552"/><Cube currency="JPY" rate="127.2"/><Cube currency="BGN" rate="1.9558"/><Cube currency="CZK" rate="27.392"/><Cube currency="DKK" rate="7.4715"/><Cube currency="GBP" rate="0.7215"/><Cube currency="HUF" rate="296.85"/><Cube currency="PLN" rate="4.0136"/><Cube currency="RON" rate="4.4156"/><Cube currency="SEK" rate="9.3309"/><Cube currency="CHF" rate="1.0373"/><Cube currency="NOK" rate="8.548"/><Cube currency="HRK" rate="7.568"/><Cube currency="RUB" rate="55.2605"/><Cube currency="TRY" rate="2.7985"/><Cube currency="AUD" rate="1.3925"/><Cube currency="BRL" rate="3.2694"/><Cube currency="CAD" rate="1.3324"/><Cube currency="CNY" rate="6.5552"/><Cube currency="HKD" rate="8.1779"/><Cube currency="IDR" rate="13723.03"/><Cube currency="ILS" rate="4.2239"/><Cube currency="INR" rate="65.8671"/><Cube currency="KRW" rate="1163.3"/><Cube currency="MXN" rate="16.1398"/><Cube currency="MYR" rate="3.9172"/><Cube currency="NZD" rate="1.4187"/><Cube currency="PHP" rate="47.2"/><Cube currency="SGD" rate="1.4491"/><Cube currency="THB" rate="34.376"/><Cube currency="ZAR" rate="12.8258"/></Cube><Cube time="2015-04-10"><Cube currency="USD" rate="1.057"/><Cube currency="JPY" rate="127.32"/><Cube currency="BGN" rate="1.9558"/><Cube currency="CZK" rate="27.383"/><Cube currency="DKK" rate="7.4716"/><Cube currency="GBP" rate="0.7244"/><Cube currency="HUF" rate="297.38"/><Cube currency="PLN" rate="4.0181"/><Cube currency="RON" rate="4.409"/><Cube currency="SEK" rate="9.3331"/><Cube currency="CHF" rate="1.039"/><Cube currency="NOK" rate="8.613"/><Cube currency="HRK" rate="7.574"/><Cube currency="RUB" rate="54.537"/><Cube currency="TRY" rate="2.7921"/><Cube currency="AUD" rate="1.3824"/><Cube currency="BRL" rate="3.2639"/><Cube currency="CAD" rate="1.3386"/><Cube currency="CNY" rate="6.5626"/><Cube currency="HKD" rate="8.1919"/><Cube currency="IDR" rate="13665.33"/><Cube currency="ILS" rate="4.213"/><Cube currency="INR" rate="65.91"/><Cube currency="KRW" rate="1157.92"/><Cube currency="MXN" rate="16.0487"/><Cube currency="MYR" rate="3.876"/><Cube currency="NZD" rate="1.4059"/><Cube currency="PHP" rate="47.147"/><Cube currency="SGD" rate="1.4439"/><Cube currency="THB" rate="34.415"/><Cube currency="ZAR" rate="12.7464"/></Cube><Cube time="2015-04-09"><Cube currency="USD" rate="1.0774"/><Cube currency="JPY" rate="129.22"/><Cube currency="BGN" rate="1.9558"/><Cube currency="CZK" rate="27.378"/><Cube currency="DKK" rate="7.4717"/><Cube currency="GBP" rate="0.7268"/><Cube currency="HUF" rate="297.2"/><Cube currency="PLN" rate="4.0167"/><Cube currency="RON" rate="4.3975"/><Cube currency="SEK" rate="9.3421"/><Cube currency="CHF" rate="1.0447"/><Cube currency="NOK" rate="8.662"/><Cube currency="HRK" rate="7.5955"/><Cube currency="RUB" rate="55.999"/><Cube currency="TRY" rate="2.7915"/><Cube currency="AUD" rate="1.3951"/><Cube currency="BRL" rate="3.2681"/><Cube currency="CAD" rate="1.3493"/><Cube currency="CNY" rate="6.6863"/><Cube currency="HKD" rate="8.35"/><Cube currency="IDR" rate="13889.01"/><Cube currency="ILS" rate="4.2446"/><Cube currency="INR" rate="67.0115"/><Cube currency="KRW" rate="1175.39"/><Cube currency="MXN" rate="16.0549"/><Cube currency="MYR" rate="3.906"/><Cube currency="NZD" rate="1.4188"/><Cube currency="PHP" rate="47.904"/><Cube currency="SGD" rate="1.4586"/><Cube currency="THB" rate="35.048"/><Cube currency="ZAR" rate="12.7006"/></Cube><Cube time="2015-04-08"><Cube currency="USD" rate="1.0862"/><Cube currency="JPY" rate="130.09"/><Cube currency="BGN" rate="1.9558"/><Cube currency="CZK" rate="27.378"/><Cube currency="DKK" rate="7.4717"/><Cube currency="GBP" rate="0.7264"/><Cube currency="HUF" rate="296.62"/><Cube currency="PLN" rate="4.0171"/><Cube currency="RON" rate="4.3955"/><Cube currency="SEK" rate="9.3595"/><Cube currency="CHF" rate="1.0438"/><Cube currency="NOK" rate="8.6766"/><Cube currency="HRK" rate="7.6085"/><Cube currency="RUB" rate="58.6005"/><Cube currency="TRY" rate="2.814"/><Cube currency="AUD" rate="1.4078"/><Cube currency="BRL" rate="3.3676"/><Cube currency="CAD" rate="1.3487"/><Cube currency="CNY" rate="6.7377"/><Cube currency="HKD" rate="8.4183"/><Cube currency="IDR" rate="14056.95"/><Cube currency="ILS" rate="4.2746"/><Cube currency="INR" rate="67.6105"/><Cube currency="KRW" rate="1184.59"/><Cube currency="MXN" rate="16.1382"/><Cube currency="MYR" rate="3.9431"/><Cube currency="NZD" rate="1.4315"/><Cube currency="PHP" rate="48.255"/><Cube currency="SGD" rate="1.4706"/><Cube currency="THB" rate="35.367"/><Cube currency="ZAR" rate="12.7982"/></Cube><Cube time="2015-04-07"><Cube currency="USD" rate="1.0847"/><Cube currency="JPY" rate="130.33"/><Cube currency="BGN" rate="1.9558"/><Cube currency="CZK" rate="27.455"/><Cube currency="DKK" rate="7.4714"/><Cube currency="GBP" rate="0.7286"/><Cube currency="HUF" rate="299.08"/><Cube currency="PLN" rate="4.0578"/><Cube currency="RON" rate="4.4165"/><Cube currency="SEK" rate="9.374"/><Cube currency="CHF" rate="1.0438"/><Cube currency="NOK" rate="8.73"/><Cube currency="HRK" rate="7.619"/><Cube currency="RUB" rate="59.8265"/><Cube currency="TRY" rate="2.8079"/><Cube currency="AUD" rate="1.4192"/><Cube currency="BRL" rate="3.3979"/><Cube currency="CAD" rate="1.3563"/><Cube currency="CNY" rate="6.7241"/><Cube currency="HKD" rate="8.4086"/><Cube currency="IDR" rate="14091.77"/><Cube currency="ILS" rate="4.267"/><Cube currency="INR" rate="67.598"/><Cube currency="KRW" rate="1183.28"/><Cube currency="MXN" rate="16.1919"/><Cube currency="MYR" rate="3.9527"/><Cube currency="NZD" rate="1.4423"/><Cube currency="PHP" rate="48.3"/><Cube currency="SGD" rate="1.4724"/><Cube currency="THB" rate="35.335"/><Cube currency="ZAR" rate="12.8345"/></Cube><Cube time="2015-04-02"><Cube currency="USD" rate="1.083"/><Cube currency="JPY" rate="129.59"/><Cube currency="BGN" rate="1.9558"/><Cube currency="CZK" rate="27.57"/><Cube currency="DKK" rate="7.4708"/><Cube currency="GBP" rate="0.7316"/><Cube currency="HUF" rate="299.58"/><Cube currency="PLN" rate="4.0647"/><Cube currency="RON" rate="4.4168"/><Cube currency="SEK" rate="9.3445"/><Cube currency="CHF" rate="1.04"/><Cube currency="NOK" rate="8.6506"/><Cube currency="HRK" rate="7.6303"/><Cube currency="RUB" rate="61.8285"/><Cube currency="TRY" rate="2.8145"/><Cube currency="AUD" rate="1.4343"/><Cube currency="BRL" rate="3.4307"/><Cube currency="CAD" rate="1.3693"/><Cube currency="CNY" rate="6.7105"/><Cube currency="HKD" rate="8.3958"/><Cube currency="IDR" rate="14080.56"/><Cube currency="ILS" rate="4.2762"/><Cube currency="INR" rate="67.343"/><Cube currency="KRW" rate="1183.31"/><Cube currency="MXN" rate="16.3666"/><Cube currency="MYR" rate="3.964"/><Cube currency="NZD" rate="1.4499"/><Cube currency="PHP" rate="48.092"/><Cube currency="SGD" rate="1.4719"/><Cube currency="THB" rate="35.187"/><Cube currency="ZAR" rate="12.995"/></Cube><Cube time="2015-04-01"><Cube currency="USD" rate="1.0755"/><Cube currency="JPY" rate="129.29"/><Cube currency="BGN" rate="1.9558"/><Cube currency="CZK" rate="27.543"/><Cube currency="DKK" rate="7.4708"/><Cube currency="GBP" rate="0.7285"/><Cube currency="HUF" rate="298.52"/><Cube currency="PLN" rate="4.0608"/><Cube currency="RON" rate="4.413"/><Cube currency="SEK" rate="9.2541"/><Cube currency="CHF" rate="1.0426"/><Cube currency="NOK" rate="8.6695"/><Cube currency="HRK" rate="7.6483"/><Cube currency="RUB" rate="62.4363"/><Cube currency="TRY" rate="2.8064"/><Cube currency="AUD" rate="1.4153"/><Cube currency="BRL" rate="3.3994"/><Cube currency="CAD" rate="1.3632"/><Cube currency="CNY" rate="6.6662"/><Cube currency="HKD" rate="8.3382"/><Cube currency="IDR" rate="14021.81"/><Cube currency="ILS" rate="4.2811"/><Cube currency="INR" rate="67.2161"/><Cube currency="KRW" rate="1187.67"/><Cube currency="MXN" rate="16.3847"/><Cube currency="MYR" rate="3.9785"/><Cube currency="NZD" rate="1.4472"/><Cube currency="PHP" rate="47.917"/><Cube currency="SGD" rate="1.4696"/><Cube currency="THB" rate="34.965"/><Cube currency="ZAR" rate="13.0011"/></Cube><Cube time="2015-03-31"><Cube currency="USD" rate="1.0759"/><Cube currency="JPY" rate="128.95"/><Cube currency="BGN" rate="1.9558"/><Cube currency="CZK" rate="27.533"/><Cube currency="DKK" rate="7.4697"/><Cube currency="GBP" rate="0.7273"/><Cube currency="HUF" rate="299.43"/><Cube currency="PLN" rate="4.0854"/><Cube currency="RON" rate="4.4098"/><Cube currency="SEK" rate="9.2901"/><Cube currency="CHF" rate="1.0463"/><Cube currency="NOK" rate="8.7035"/><Cube currency="HRK" rate="7.645"/><Cube currency="RUB" rate="62.44"/><Cube currency="TRY" rate="2.8131"/><Cube currency="AUD" rate="1.4154"/><Cube currency="BRL" rate="3.4958"/><Cube currency="CAD" rate="1.3738"/><Cube currency="CNY" rate="6.671"/><Cube currency="HKD" rate="8.3422"/><Cube currency="IDR" rate="14053.78"/><Cube currency="ILS" rate="4.2795"/><Cube currency="INR" rate="67.2738"/><Cube currency="KRW" rate="1192.58"/><Cube currency="MXN" rate="16.5124"/><Cube currency="MYR" rate="3.9873"/><Cube currency="NZD" rate="1.4388"/><Cube currency="PHP" rate="48.057"/><Cube currency="SGD" rate="1.4774"/><Cube currency="THB" rate="35.018"/><Cube currency="ZAR" rate="13.1324"/></Cube><Cube time="2015-03-30"><Cube currency="USD" rate="1.0845"/><Cube currency="JPY" rate="130.02"/><Cube currency="BGN" rate="1.9558"/><Cube currency="CZK" rate="27.473"/><Cube currency="DKK" rate="7.469"/><Cube currency="GBP" rate="0.7328"/><Cube currency="HUF" rate="299.83"/><Cube currency="PLN" rate="4.0938"/><Cube currency="RON" rate="4.405"/><Cube currency="SEK" rate="9.3207"/><Cube currency="CHF" rate="1.0439"/><Cube currency="NOK" rate="8.6545"/><Cube currency="HRK" rate="7.6448"/><Cube currency="RUB" rate="62.5595"/><Cube currency="TRY" rate="2.8265"/><Cube currency="AUD" rate="1.4158"/><Cube currency="BRL" rate="3.5616"/><Cube currency="CAD" rate="1.3709"/><Cube currency="CNY" rate="6.7324"/><Cube currency="HKD" rate="8.41"/><Cube currency="IDR" rate="14172.71"/><Cube currency="ILS" rate="4.3019"/><Cube currency="INR" rate="67.918"/><Cube currency="KRW" rate="1201.04"/><Cube currency="MXN" rate="16.5321"/><Cube currency="MYR" rate="4.0246"/><Cube currency="NZD" rate="1.4417"/><Cube currency="PHP" rate="48.527"/><Cube currency="SGD" rate="1.4898"/><Cube currency="THB" rate="35.328"/><Cube currency="ZAR" rate="13.1446"/></Cube><Cube time="2015-03-27"><Cube currency="USD" rate="1.0856"/><Cube currency="JPY" rate="129.39"/><Cube currency="BGN" rate="1.9558"/><Cube currency="CZK" rate="27.523"/><Cube currency="DKK" rate="7.4672"/><Cube currency="GBP" rate="0.7298"/><Cube currency="HUF" rate="300.54"/><Cube currency="PLN" rate="4.0978"/><Cube currency="RON" rate="4.4211"/><Cube currency="SEK" rate="9.3178"/><Cube currency="CHF" rate="1.0476"/><Cube currency="NOK" rate="8.645"/><Cube currency="HRK" rate="7.65"/><Cube currency="RUB" rate="62.232"/><Cube currency="TRY" rate="2.8302"/><Cube currency="AUD" rate="1.394"/><Cube currency="BRL" rate="3.4846"/><Cube currency="CAD" rate="1.358"/><Cube currency="CNY" rate="6.7478"/><Cube currency="HKD" rate="8.4181"/><Cube currency="IDR" rate="14138.51"/><Cube currency="ILS" rate="4.31"/><Cube currency="INR" rate="67.87"/><Cube currency="KRW" rate="1199.43"/><Cube currency="MXN" rate="16.4268"/><Cube currency="MYR" rate="3.9994"/><Cube currency="NZD" rate="1.4342"/><Cube currency="PHP" rate="48.657"/><Cube currency="SGD" rate="1.4862"/><Cube currency="THB" rate="35.335"/><Cube currency="ZAR" rate="13.0504"/></Cube><Cube time="2015-03-26"><Cube currency="USD" rate="1.0973"/><Cube currency="JPY" rate="130.67"/><Cube currency="BGN" rate="1.9558"/><Cube currency="CZK" rate="27.376"/><Cube currency="DKK" rate="7.4678"/><Cube currency="GBP" rate="0.7371"/><Cube currency="HUF" rate="299.65"/><Cube currency="PLN" rate="4.0763"/><Cube currency="RON" rate="4.427"/><Cube currency="SEK" rate="9.325"/><Cube currency="CHF" rate="1.0498"/><Cube currency="NOK" rate="8.6005"/><Cube currency="HRK" rate="7.6498"/><Cube currency="RUB" rate="62.7707"/><Cube currency="TRY" rate="2.8425"/><Cube currency="AUD" rate="1.399"/><Cube currency="BRL" rate="3.4904"/><Cube currency="CAD" rate="1.3653"/><Cube currency="CNY" rate="6.8174"/><Cube currency="HKD" rate="8.509"/><Cube currency="IDR" rate="14304.58"/><Cube currency="ILS" rate="4.3239"/><Cube currency="INR" rate="68.8296"/><Cube currency="KRW" rate="1212.14"/><Cube currency="MXN" rate="16.4244"/><Cube currency="MYR" rate="4.0212"/><Cube currency="NZD" rate="1.4429"/><Cube currency="PHP" rate="49.171"/><Cube currency="SGD" rate="1.4987"/><Cube currency="THB" rate="35.712"/><Cube currency="ZAR" rate="13.0189"/></Cube><Cube time="2015-03-25"><Cube currency="USD" rate="1.0985"/><Cube currency="JPY" rate="131.13"/><Cube currency="BGN" rate="1.9558"/><Cube currency="CZK" rate="27.378"/><Cube currency="DKK" rate="7.4688"/><Cube currency="GBP" rate="0.7365"/><Cube currency="HUF" rate="298.8"/><Cube currency="PLN" rate="4.0858"/><Cube currency="RON" rate="4.4147"/><Cube currency="SEK" rate="9.3026"/><Cube currency="CHF" rate="1.0517"/><Cube currency="NOK" rate="8.593"/><Cube currency="HRK" rate="7.6518"/><Cube currency="RUB" rate="62.5738"/><Cube currency="TRY" rate="2.8089"/><Cube currency="AUD" rate="1.3925"/><Cube currency="BRL" rate="3.4334"/><Cube currency="CAD" rate="1.3711"/><Cube currency="CNY" rate="6.8244"/><Cube currency="HKD" rate="8.5191"/><Cube currency="IDR" rate="14242.59"/><Cube currency="ILS" rate="4.3314"/><Cube currency="INR" rate="68.515"/><Cube currency="KRW" rate="1208.22"/><Cube currency="MXN" rate="16.3611"/><Cube currency="MYR" rate="4.0271"/><Cube currency="NZD" rate="1.4322"/><Cube currency="PHP" rate="49.163"/><Cube currency="SGD" rate="1.5023"/><Cube currency="THB" rate="35.715"/><Cube currency="ZAR" rate="12.9574"/></Cube><Cube time="2015-03-24"><Cube currency="USD" rate="1.095"/><Cube currency="JPY" rate="130.89"/><Cube currency="BGN" rate="1.9558"/><Cube currency="CZK" rate="27.39"/><Cube currency="DKK" rate="7.4603"/><Cube currency="GBP" rate="0.7344"/><Cube currency="HUF" rate="302.26"/><Cube currency="PLN" rate="4.1131"/><Cube currency="RON" rate="4.411"/><Cube currency="SEK" rate="9.2889"/><Cube currency="CHF" rate="1.0491"/><Cube currency="NOK" rate="8.5935"/><Cube currency="HRK" rate="7.648"/><Cube currency="RUB" rate="63.4232"/><Cube currency="TRY" rate="2.8043"/><Cube currency="AUD" rate="1.3843"/><Cube currency="BRL" rate="3.4202"/><Cube currency="CAD" rate="1.3649"/><Cube currency="CNY" rate="6.7981"/><Cube currency="HKD" rate="8.4912"/><Cube currency="IDR" rate="14150.43"/><Cube currency="ILS" rate="4.3072"/><Cube currency="INR" rate="68.2484"/><Cube currency="KRW" rate="1209.42"/><Cube currency="MXN" rate="16.3437"/><Cube currency="MYR" rate="3.9951"/><Cube currency="NZD" rate="1.4301"/><Cube currency="PHP" rate="49.011"/><Cube currency="SGD" rate="1.4937"/><Cube currency="THB" rate="35.569"/><Cube currency="ZAR" rate="12.962"/></Cube><Cube time="2015-03-23"><Cube currency="USD" rate="1.0912"/><Cube currency="JPY" rate="130.8"/><Cube currency="BGN" rate="1.9558"/><Cube currency="CZK" rate="27.374"/><Cube currency="DKK" rate="7.4555"/><Cube currency="GBP" rate="0.7318"/><Cube currency="HUF" rate="304.75"/><Cube currency="PLN" rate="4.1215"/><Cube currency="RON" rate="4.422"/><Cube currency="SEK" rate="9.2804"/><Cube currency="CHF" rate="1.0561"/><Cube currency="NOK" rate="8.6275"/><Cube currency="HRK" rate="7.646"/><Cube currency="RUB" rate="64.3886"/><Cube currency="TRY" rate="2.7924"/><Cube currency="AUD" rate="1.3938"/><Cube currency="BRL" rate="3.4963"/><Cube currency="CAD" rate="1.3667"/><Cube currency="CNY" rate="6.7812"/><Cube currency="HKD" rate="8.4628"/><Cube currency="IDR" rate="14168.69"/><Cube currency="ILS" rate="4.3708"/><Cube currency="INR" rate="67.9572"/><Cube currency="KRW" rate="1208.5"/><Cube currency="MXN" rate="16.3462"/><Cube currency="MYR" rate="4.032"/><Cube currency="NZD" rate="1.4314"/><Cube currency="PHP" rate="48.845"/><Cube currency="SGD" rate="1.4956"/><Cube currency="THB" rate="35.497"/><Cube currency="ZAR" rate="13.0633"/></Cube><Cube time="2015-03-20"><Cube currency="USD" rate="1.0776"/><Cube currency="JPY" rate="130.26"/><Cube currency="BGN" rate="1.9558"/><Cube currency="CZK" rate="27.479"/><Cube currency="DKK" rate="7.4516"/><Cube currency="GBP" rate="0.7255"/><Cube currency="HUF" rate="303.86"/><Cube currency="PLN" rate="4.1272"/><Cube currency="RON" rate="4.4327"/><Cube currency="SEK" rate="9.3006"/><Cube currency="CHF" rate="1.0552"/><Cube currency="NOK" rate="8.7125"/><Cube currency="HRK" rate="7.6405"/><Cube currency="RUB" rate="64.9276"/><Cube currency="TRY" rate="2.7882"/><Cube currency="AUD" rate="1.3988"/><Cube currency="BRL" rate="3.522"/><Cube currency="CAD" rate="1.3655"/><Cube currency="CNY" rate="6.6864"/><Cube currency="HKD" rate="8.3615"/><Cube currency="IDR" rate="14074.33"/><Cube currency="ILS" rate="4.3718"/><Cube currency="INR" rate="67.169"/><Cube currency="KRW" rate="1207.96"/><Cube currency="MXN" rate="16.265"/><Cube currency="MYR" rate="4.0199"/><Cube currency="NZD" rate="1.4401"/><Cube currency="PHP" rate="48.439"/><Cube currency="SGD" rate="1.4938"/><Cube currency="THB" rate="35.227"/><Cube currency="ZAR" rate="13.0627"/></Cube><Cube time="2015-03-19"><Cube currency="USD" rate="1.0677"/><Cube currency="JPY" rate="129.12"/><Cube currency="BGN" rate="1.9558"/><Cube currency="CZK" rate="27.425"/><Cube currency="DKK" rate="7.4508"/><Cube currency="GBP" rate="0.7183"/><Cube currency="HUF" rate="303.22"/><Cube currency="PLN" rate="4.1288"/><Cube currency="RON" rate="4.417"/><Cube currency="SEK" rate="9.2797"/><Cube currency="CHF" rate="1.0595"/><Cube currency="NOK" rate="8.6355"/><Cube currency="HRK" rate="7.65"/><Cube currency="RUB" rate="64.1691"/><Cube currency="TRY" rate="2.7776"/><Cube currency="AUD" rate="1.3966"/><Cube currency="BRL" rate="3.474"/><Cube currency="CAD" rate="1.3578"/><Cube currency="CNY" rate="6.614"/><Cube currency="HKD" rate="8.2842"/><Cube currency="IDR" rate="13932.02"/><Cube currency="ILS" rate="4.2777"/><Cube currency="INR" rate="66.8199"/><Cube currency="KRW" rate="1197.86"/><Cube currency="MXN" rate="16.3091"/><Cube currency="MYR" rate="3.9555"/><Cube currency="NZD" rate="1.4453"/><Cube currency="PHP" rate="47.979"/><Cube currency="SGD" rate="1.4809"/><Cube currency="THB" rate="34.997"/><Cube currency="ZAR" rate="13.0815"/></Cube><Cube time="2015-03-18"><Cube currency="USD" rate="1.0592"/><Cube currency="JPY" rate="128.35"/><Cube currency="BGN" rate="1.9558"/><Cube currency="CZK" rate="27.318"/><Cube currency="DKK" rate="7.4591"/><Cube currency="GBP" rate="0.723"/><Cube currency="HUF" rate="304"/><Cube currency="PLN" rate="4.1466"/><Cube currency="RON" rate="4.4493"/><Cube currency="SEK" rate="9.3325"/><Cube currency="CHF" rate="1.0627"/><Cube currency="NOK" rate="8.9"/><Cube currency="HRK" rate="7.646"/><Cube currency="RUB" rate="64.9"/><Cube currency="TRY" rate="2.7793"/><Cube currency="AUD" rate="1.3901"/><Cube currency="BRL" rate="3.4283"/><Cube currency="CAD" rate="1.3583"/><Cube currency="CNY" rate="6.5982"/><Cube currency="HKD" rate="8.2178"/><Cube currency="IDR" rate="13956.88"/><Cube currency="ILS" rate="4.2683"/><Cube currency="INR" rate="66.4754"/><Cube currency="KRW" rate="1196.29"/><Cube currency="MXN" rate="16.3169"/><Cube currency="MYR" rate="3.9292"/><Cube currency="NZD" rate="1.4461"/><Cube currency="PHP" rate="47.496"/><Cube currency="SGD" rate="1.4735"/><Cube currency="THB" rate="34.878"/><Cube currency="ZAR" rate="13.1048"/></Cube><Cube time="2015-03-17"><Cube currency="USD" rate="1.0635"/><Cube currency="JPY" rate="128.9"/><Cube currency="BGN" rate="1.9558"/><Cube currency="CZK" rate="27.183"/><Cube currency="DKK" rate="7.4614"/><Cube currency="GBP" rate="0.71995"/><Cube currency="HUF" rate="304.12"/><Cube currency="PLN" rate="4.1392"/><Cube currency="RON" rate="4.4415"/><Cube currency="SEK" rate="9.1769"/><Cube currency="CHF" rate="1.066"/><Cube currency="NOK" rate="8.7915"/><Cube currency="HRK" rate="7.6466"/><Cube currency="RUB" rate="65.7556"/><Cube currency="TRY" rate="2.7784"/><Cube currency="AUD" rate="1.3914"/><Cube currency="BRL" rate="3.4796"/><Cube currency="CAD" rate="1.3585"/><Cube currency="CNY" rate="6.6468"/><Cube currency="HKD" rate="8.2573"/><Cube currency="IDR" rate="13997.8"/><Cube currency="ILS" rate="4.2666"/><Cube currency="INR" rate="66.7156"/><Cube currency="KRW" rate="1197.96"/><Cube currency="MXN" rate="16.4024"/><Cube currency="MYR" rate="3.9311"/><Cube currency="NZD" rate="1.4444"/><Cube currency="PHP" rate="47.47"/><Cube currency="SGD" rate="1.4767"/><Cube currency="THB" rate="35.017"/><Cube currency="ZAR" rate="13.181"/></Cube><Cube time="2015-03-16"><Cube currency="USD" rate="1.0557"/><Cube currency="JPY" rate="127.96"/><Cube currency="BGN" rate="1.9558"/><Cube currency="CZK" rate="27.308"/><Cube currency="DKK" rate="7.4659"/><Cube currency="GBP" rate="0.7131"/><Cube currency="HUF" rate="303.68"/><Cube currency="PLN" rate="4.1281"/><Cube currency="RON" rate="4.4365"/><Cube currency="SEK" rate="9.1532"/><Cube currency="CHF" rate="1.0615"/><Cube currency="NOK" rate="8.686"/><Cube currency="HRK" rate="7.6435"/><Cube currency="RUB" rate="65.498"/><Cube currency="TRY" rate="2.767"/><Cube currency="AUD" rate="1.3797"/><Cube currency="BRL" rate="3.4107"/><Cube currency="CAD" rate="1.3493"/><Cube currency="CNY" rate="6.6113"/><Cube currency="HKD" rate="8.1976"/><Cube currency="IDR" rate="13978.2"/><Cube currency="ILS" rate="4.2381"/><Cube currency="INR" rate="66.3743"/><Cube currency="KRW" rate="1195.32"/><Cube currency="MXN" rate="16.3206"/><Cube currency="MYR" rate="3.9074"/><Cube currency="NZD" rate="1.4307"/><Cube currency="PHP" rate="46.899"/><Cube currency="SGD" rate="1.467"/><Cube currency="THB" rate="34.763"/><Cube currency="ZAR" rate="13.0917"/></Cube><Cube time="2015-03-13"><Cube currency="USD" rate="1.0572"/><Cube currency="JPY" rate="128.41"/><Cube currency="BGN" rate="1.9558"/><Cube currency="CZK" rate="27.315"/><Cube currency="DKK" rate="7.4595"/><Cube currency="GBP" rate="0.71525"/><Cube currency="HUF" rate="306.5"/><Cube currency="PLN" rate="4.1539"/><Cube currency="RON" rate="4.4471"/><Cube currency="SEK" rate="9.1518"/><Cube currency="CHF" rate="1.0648"/><Cube currency="NOK" rate="8.6255"/><Cube currency="HRK" rate="7.6548"/><Cube currency="RUB" rate="64.5063"/><Cube currency="TRY" rate="2.789"/><Cube currency="AUD" rate="1.38"/><Cube currency="BRL" rate="3.3893"/><Cube currency="CAD" rate="1.3462"/><Cube currency="CNY" rate="6.6172"/><Cube currency="HKD" rate="8.2114"/><Cube currency="IDR" rate="13969.84"/><Cube currency="ILS" rate="4.2527"/><Cube currency="INR" rate="66.6332"/><Cube currency="KRW" rate="1199.18"/><Cube currency="MXN" rate="16.3713"/><Cube currency="MYR" rate="3.9021"/><Cube currency="NZD" rate="1.4397"/><Cube currency="PHP" rate="46.909"/><Cube currency="SGD" rate="1.4679"/><Cube currency="THB" rate="34.784"/><Cube currency="ZAR" rate="13.1788"/></Cube><Cube time="2015-03-12"><Cube currency="USD" rate="1.0613"/><Cube currency="JPY" rate="128.29"/><Cube currency="BGN" rate="1.9558"/><Cube currency="CZK" rate="27.303"/><Cube currency="DKK" rate="7.4575"/><Cube currency="GBP" rate="0.7091"/><Cube currency="HUF" rate="303.6"/><Cube currency="PLN" rate="4.1371"/><Cube currency="RON" rate="4.4373"/><Cube currency="SEK" rate="9.1141"/><Cube currency="CHF" rate="1.0636"/><Cube currency="NOK" rate="8.591"/><Cube currency="HRK" rate="7.645"/><Cube currency="RUB" rate="64.214"/><Cube currency="TRY" rate="2.7517"/><Cube currency="AUD" rate="1.3771"/><Cube currency="BRL" rate="3.3031"/><Cube currency="CAD" rate="1.3432"/><Cube currency="CNY" rate="6.6458"/><Cube currency="HKD" rate="8.2439"/><Cube currency="IDR" rate="13941.23"/><Cube currency="ILS" rate="4.269"/><Cube currency="INR" rate="66.2762"/><Cube currency="KRW" rate="1188.78"/><Cube currency="MXN" rate="16.326"/><Cube currency="MYR" rate="3.9061"/><Cube currency="NZD" rate="1.4329"/><Cube currency="PHP" rate="46.976"/><Cube currency="SGD" rate="1.4623"/><Cube currency="THB" rate="34.823"/><Cube currency="ZAR" rate="12.9632"/></Cube><Cube time="2015-03-11"><Cube currency="USD" rate="1.0578"/><Cube currency="JPY" rate="128.33"/><Cube currency="BGN" rate="1.9558"/><Cube currency="CZK" rate="27.293"/><Cube currency="DKK" rate="7.4591"/><Cube currency="GBP" rate="0.70355"/><Cube currency="HUF" rate="304.17"/><Cube currency="PLN" rate="4.1365"/><Cube currency="RON" rate="4.4445"/><Cube currency="SEK" rate="9.1204"/><Cube currency="CHF" rate="1.0655"/><Cube currency="NOK" rate="8.657"/><Cube currency="HRK" rate="7.631"/><Cube currency="RUB" rate="65.6568"/><Cube currency="TRY" rate="2.7721"/><Cube currency="AUD" rate="1.3899"/><Cube currency="BRL" rate="3.3102"/><Cube currency="CAD" rate="1.3432"/><Cube currency="CNY" rate="6.6245"/><Cube currency="HKD" rate="8.2102"/><Cube currency="IDR" rate="13937.63"/><Cube currency="ILS" rate="4.276"/><Cube currency="INR" rate="66.4101"/><Cube currency="KRW" rate="1193.24"/><Cube currency="MXN" rate="16.5093"/><Cube currency="MYR" rate="3.9109"/><Cube currency="NZD" rate="1.4608"/><Cube currency="PHP" rate="46.852"/><Cube currency="SGD" rate="1.4676"/><Cube currency="THB" rate="34.789"/><Cube currency="ZAR" rate="13.0055"/></Cube></Cube></gesmes:Envelope>