<?xml version="1.0"?><prices>  <currency access="aud">    <price access="gold">49.246577654556</price>    <price access="palladium">31.167655816275</price>    <price access="platinum">46.163421772263</price>    <price access="silver">0.66997293756399</price>  </currency>  <currency access="brl">    <price access="gold">117.25321649731</price>    <price access="palladium">74.208362675966</price>    <price access="platinum">109.91240295495</price>    <price access="silver">1.5951663168672</price>  </currency>  <currency access="cad">    <price access="gold">46.864207667347</price>    <price access="palladium">29.659878193448</price>    <price access="platinum">43.930203632547</price>    <price access="silver">0.63756208802454</price>  </currency>  <currency access="chf">    <price access="gold">35.119220082651</price>    <price access="palladium">22.226595556551</price>    <price access="platinum">32.920528617451</price>    <price access="silver">0.47777791197544</price>  </currency>  <currency access="cny">    <price access="gold">233.6014795485</price>    <price access="palladium">147.84398956232</price>    <price access="platinum">218.97650843205</price>    <price access="silver">3.1780212336832</price>  </currency>  <currency access="eur">    <price access="gold">33.547370302968</price>    <price access="palladium">21.231787891504</price>    <price access="platinum">31.447086851586</price>    <price access="silver">0.45639374957352</price>  </currency>  <currency access="gbp">    <price access="gold">24.606248933982</price>    <price access="palladium">15.573043533777</price>    <price access="platinum">23.065737800921</price>    <price access="silver">0.33475465029001</price>  </currency>  <currency access="inr">    <price access="gold">2412.6723831118</price>    <price access="palladium">1526.9556995765</price>    <price access="platinum">2261.6234086589</price>    <price access="silver">32.823097175026</price>  </currency>  <currency access="jpy">    <price access="gold">4713.1991198028</price>    <price access="palladium">2982.9355653914</price>    <price access="platinum">4418.1222173514</price>    <price access="silver">64.120513749571</price>  </currency>  <currency access="mxn">    <price access="gold">589.50796886514</price>    <price access="palladium">373.09357014457</price>    <price access="platinum">552.60093799257</price>    <price access="silver">8.0199356874786</price>  </currency>  <currency access="rub">    <price access="gold">2118.376386</price>    <price access="palladium">1340.69877</price>    <price access="platinum">1985.752254</price>    <price access="silver">28.81936</price>  </currency>  <currency access="usd">    <price access="gold">37.69353</price>    <price access="palladium">23.85585</price>    <price access="platinum">35.33367</price>    <price access="silver">0.5128</price>  </currency>  <currency access="zar">    <price access="gold">472.62040949692</price>    <price access="palladium">299.11662812947</price>    <price access="platinum">443.03129965353</price>    <price access="silver">6.4297439372227</price>  </currency></prices>