<?xml version="1.0" encoding="UTF-8"?>
<project-private xmlns="http://www.netbeans.org/ns/project-private/1">
    <editor-bookmarks xmlns="http://www.netbeans.org/ns/editor-bookmarks/2" lastBookmarkId="0"/>
    <open-files xmlns="http://www.netbeans.org/ns/projectui-open-files/2">
        <group>
            <file>file:/D:/Studia/Informatyka/Inżynieria%20oprogramowania/Projekt/Kalkulator%20Walutowy/Calculator/src/Calculator.java</file>
            <file>file:/D:/Studia/Informatyka/Inżynieria%20oprogramowania/Projekt/Kalkulator%20Walutowy/Calculator/src/Application.java</file>
            <file>file:/D:/Studia/Informatyka/Inżynieria%20oprogramowania/Projekt/Kalkulator%20Walutowy/Calculator/src/GPW.java</file>
            <file>file:/D:/Studia/Informatyka/Inżynieria%20oprogramowania/Projekt/Kalkulator%20Walutowy/Calculator/src/Chart.java</file>
            <file>file:/D:/Studia/Informatyka/Inżynieria%20oprogramowania/Projekt/Kalkulator%20Walutowy/Calculator/src/Metal.java</file>
            <file>file:/D:/Studia/Informatyka/Inżynieria%20oprogramowania/Projekt/Kalkulator%20Walutowy/Calculator/src/Currency.java</file>
            <file>file:/D:/Studia/Informatyka/Inżynieria%20oprogramowania/Projekt/Kalkulator%20Walutowy/Calculator/src/XMLparser.java</file>
            <file>file:/D:/Studia/Informatyka/Inżynieria%20oprogramowania/Projekt/Kalkulator%20Walutowy/Calculator/src/Window.java</file>
            <file>file:/D:/Studia/Informatyka/Inżynieria%20oprogramowania/Projekt/Kalkulator%20Walutowy/Calculator/src/Item.java</file>
        </group>
    </open-files>
</project-private>
